{
  "backend": "ridge_numpy",
  "alpha": 1.5,
  "weights": [
    1.684037780225443,
    0.0004596630220887215,
    43.731770687444694,
    20.101490392835238,
    -0.005921358522776769,
    -0.5599034216654605,
    0.0024320849551792163,
    -9.502617757064229,
    0.10300894855738177,
    0.17189689372961903,
    0.15029555108727888,
    0.14378631539838155,
    -0.04944422553900447,
    0.4948066921809168,
    -0.1231607918805778,
    -0.034899955292064626,
    0.40645307943694725,
    -0.37155312358478604,
    0.02964945691364324,
    -0.06410051985785911,
    0.16540340462083603,
    0.08719771392012009,
    0.027656349903567436,
    0.3490520592678334,
    -0.4391648699349734,
    0.2668273917066927,
    0.5740984952113907,
    0.399168483804964,
    -0.6788440829245301,
    -0.7169438816724906,
    -0.383759024216845,
    8.602300462968522,
    9.044688351878918,
    1.0684852255204205,
    -8.829097258609748,
    -6.7003582340796575,
    -2.802259521578709,
    0.12327007539125256,
    -0.10120807040295299,
    -1.6353605121018813,
    -1.6639473688697717,
    -2.5546411570816185,
    -0.41919952933400173,
    -0.38311888488210444,
    0.3456242087099097,
    0.7851945986325247,
    1.6782525372574584,
    1.2218580176037324,
    2.6032760861336315,
    4.024258691015586,
    2.2144918248334853,
    1.6695027178486002,
    3.3541845595583375,
    2.3233184873693133,
    2.5803295618689583,
    2.313470064730883,
    1.1330229119345476,
    1.718357466586038,
    2.5339758044798546,
    1.6660195109523652,
    1.5233725499346769,
    0.7417963366907615,
    0.061172633020717945,
    -0.7113497682477831,
    -1.953301382812206,
    -1.9783811647400158,
    -2.283514433247209,
    -2.300689189341948,
    -2.8411915883642727,
    -1.6957272973531012,
    -2.6533587761116166,
    -3.2601612256802137,
    -3.0800367269396323,
    -3.2493123843264176,
    -2.572800506670787,
    -1.8498014445571072,
    -2.1745697953211325,
    -1.7928911948256085,
    -1.3685999894164567,
    -0.8311725835302614,
    -1.0770898545036547,
    -1.1056024162057536,
    -0.09348868811675075,
    0.0982423536638072,
    -0.719272111462176,
    -0.7574685068923123,
    -0.5702837251611373,
    0.4610826959871547,
    0.9963329308979781,
    1.0804338112769787,
    0.6311110219197469,
    0.4372690507355164,
    1.3655741289176784,
    0.6199670045483062,
    2.1831529067848146,
    1.977172233176552,
    0.41327466708856864,
    0.6183129907125915,
    0.6783879897643679,
    1.2724879551898385,
    0.2299898922694753
  ],
  "feature_columns": [
    "unit_price",
    "is_promo",
    "is_holiday",
    "avg_temp_c",
    "rainfall_mm",
    "day_of_year",
    "is_weekend",
    "lag_1",
    "lag_7",
    "lag_14",
    "lag_28",
    "rolling_mean_7",
    "rolling_mean_28",
    "rolling_std_7",
    "channel_loja_fisica",
    "channel_marketplace",
    "channel_site",
    "sku_SKU_01",
    "sku_SKU_02",
    "sku_SKU_03",
    "sku_SKU_04",
    "sku_SKU_05",
    "sku_SKU_06",
    "sku_SKU_07",
    "sku_SKU_08",
    "sku_SKU_09",
    "sku_SKU_10",
    "sku_SKU_11",
    "sku_SKU_12",
    "dow_0",
    "dow_1",
    "dow_2",
    "dow_3",
    "dow_4",
    "dow_5",
    "dow_6",
    "month_1",
    "month_2",
    "month_3",
    "month_4",
    "month_5",
    "month_6",
    "month_7",
    "month_8",
    "month_9",
    "month_10",
    "month_11",
    "month_12",
    "week_of_year_1",
    "week_of_year_2",
    "week_of_year_3",
    "week_of_year_4",
    "week_of_year_5",
    "week_of_year_6",
    "week_of_year_7",
    "week_of_year_8",
    "week_of_year_9",
    "week_of_year_10",
    "week_of_year_11",
    "week_of_year_12",
    "week_of_year_13",
    "week_of_year_14",
    "week_of_year_15",
    "week_of_year_16",
    "week_of_year_17",
    "week_of_year_18",
    "week_of_year_19",
    "week_of_year_20",
    "week_of_year_21",
    "week_of_year_22",
    "week_of_year_23",
    "week_of_year_24",
    "week_of_year_25",
    "week_of_year_26",
    "week_of_year_27",
    "week_of_year_28",
    "week_of_year_29",
    "week_of_year_30",
    "week_of_year_31",
    "week_of_year_32",
    "week_of_year_33",
    "week_of_year_34",
    "week_of_year_35",
    "week_of_year_36",
    "week_of_year_37",
    "week_of_year_38",
    "week_of_year_39",
    "week_of_year_40",
    "week_of_year_41",
    "week_of_year_42",
    "week_of_year_43",
    "week_of_year_44",
    "week_of_year_45",
    "week_of_year_46",
    "week_of_year_47",
    "week_of_year_48",
    "week_of_year_49",
    "week_of_year_50",
    "week_of_year_51",
    "week_of_year_52"
  ]
}