{
  "model_type": "logistic_regression",
  "columns": [
    "tenure_months",
    "salary_market_ratio",
    "engagement_score",
    "overtime_hours_month",
    "manager_changes_24m",
    "absences_last_12m",
    "performance_score",
    "years_since_promotion",
    "department_engineering",
    "department_finance",
    "department_hr",
    "department_operations",
    "department_sales",
    "seniority_junior",
    "seniority_lead",
    "seniority_mid",
    "seniority_senior",
    "work_mode_hybrid",
    "work_mode_onsite",
    "work_mode_remote"
  ],
  "weights": [
    -0.06182697113225929,
    -0.04075231303696445,
    -0.35364959721526107,
    0.22189996676346024,
    0.2640140866251701,
    -0.03370134709636189,
    -0.08419473459898148,
    0.23572304579879094,
    0.043118661705914545,
    -0.0019154336961222712,
    -0.010762327646574355,
    -0.06501557054225396,
    0.02373295605133578,
    -0.0020389282817411887,
    0.01093337315008779,
    0.020046351593756874,
    -0.028395283508200368,
    0.05729756343309111,
    -0.032484387270364186,
    -0.03390537438568128
  ],
  "bias": -0.12773413790826219,
  "xgboost_params": null,
  "threshold": 0.58
}