{
  "model_type": "logistic_regression",
  "weights": [
    -0.02692702511582069,
    0.020931175858127066,
    -0.4218213882672867,
    0.08763590057198978,
    0.7979081901114957,
    -0.2028707104946424,
    -0.016804468673973,
    0.30517060301245563,
    -0.23150648071058244,
    -0.07134626429089522,
    0.10565727399312472,
    -0.3539862655465915,
    0.1567907945382394,
    -0.03486018856165458,
    -0.0027150568678680517,
    -0.023181620992258158,
    0.006879842559039942,
    -0.14331844714561154,
    -0.20126989809155982,
    0.07873479726732575,
    -0.07466037018411868
  ],
  "bias": -0.2077261710882159,
  "columns": [
    "monthly_fee",
    "num_seats",
    "tenure_months",
    "support_tickets_last_90d",
    "days_since_last_login",
    "feature_adoption_score",
    "nps_score",
    "late_payments_last_12m",
    "plan_type_enterprise",
    "plan_type_growth",
    "plan_type_starter",
    "billing_cycle_annual",
    "billing_cycle_monthly",
    "industry_edtech",
    "industry_fintech",
    "industry_healthcare",
    "industry_logistics",
    "industry_retail",
    "region_europe",
    "region_latam",
    "region_north_america"
  ],
  "numeric_scaler_mean": {
    "monthly_fee": 1162.923598170906,
    "num_seats": 229.3492426407545,
    "tenure_months": 41.40868819662761,
    "support_tickets_last_90d": 3.0297227779365534,
    "days_since_last_login": 21.84824235495856,
    "feature_adoption_score": 0.615844537180343,
    "nps_score": 27.89706382241061,
    "late_payments_last_12m": 1.2214918548156617
  },
  "numeric_scaler_std": {
    "monthly_fee": 671.3220366147231,
    "num_seats": 131.2161276779852,
    "tenure_months": 23.935373583858325,
    "support_tickets_last_90d": 1.7213644938607817,
    "days_since_last_login": 13.02410590690346,
    "feature_adoption_score": 0.17414051359240737,
    "nps_score": 23.697113818251776,
    "late_payments_last_12m": 1.102694839840429
  }
}